-- DROP TABLES IF THEY EXIST -------------------------------------------------------------------------------------------

DECLARE
  PROCEDURE dropTable(tableName IN VARCHAR2) IS
    BEGIN
      EXECUTE IMMEDIATE 'DROP TABLE ' || tableName;
      EXCEPTION WHEN OTHERS
      THEN NULL;
    END;
BEGIN
  dropTable('MovieGenre');
  dropTable('MovieCast');
  dropTable('PersonPlays');
  dropTable('Genre');
  dropTable('Movie');
  dropTable('MovieCharacter');
  dropTable('Person');
END;
/

-- MAIN TABLES ---------------------------------------------------------------------------------------------------------

CREATE TABLE Genre (
  GenreID    NUMBER(10) GENERATED by default on null as IDENTITY,
  Genre VARCHAR2(255) NOT NULL,
  CONSTRAINT pk_genre_id PRIMARY KEY (GenreID),
  CONSTRAINT uk_genre UNIQUE (Genre)
  --CONSTRAINT ck_genre CHECK (Genre IN ('Action', 'Adventure', 'Comedy', 'Animation', 'Drama', 'Fantasy', 'Sci-Fi'))
);

CREATE TABLE Movie (
  MovieID    NUMBER(10) GENERATED by default on null as IDENTITY,
  Title VARCHAR2(255) NOT NULL,
  Year  NUMBER(4)     NOT NULL,
  Type  CHAR          NOT NULL,
  CONSTRAINT pk_movie_id PRIMARY KEY (MovieID)
);


CREATE TABLE MovieCharacter (
  MovCharID        NUMBER(10) GENERATED by default on null as IDENTITY,
  Character VARCHAR2(255) NOT NULL,
  Alias     VARCHAR2(255),
  Position  NUMBER(3),
  CONSTRAINT pk_movie_char_id PRIMARY KEY (MovCharID)
);


CREATE TABLE Person (
  PersonID   NUMBER(10) GENERATED by default on null as IDENTITY,
  Name VARCHAR2(255) NOT NULL,
  Sex  CHAR          NOT NULL,
  CONSTRAINT pk_person_id PRIMARY KEY (PersonID),
  CONSTRAINT uk_person_name UNIQUE (Name),
  CONSTRAINT ck_person_sex CHECK (Sex IN ('M', 'W'))
);

-- RELATIONS -----------------------------------------------------------------------------------------------------------

CREATE TABLE MovieGenre (
  Movie NUMBER(10) NOT NULL,
  Genre NUMBER(10) NOT NULL,
  CONSTRAINT fk_movie_genre_movie FOREIGN KEY (Movie) REFERENCES Movie (MovieID) ,
  CONSTRAINT fk_movie_genre_genre FOREIGN KEY (Genre) REFERENCES Genre (GenreID)
);

CREATE TABLE MovieCast (
  Movie     NUMBER(10) NOT NULL,
  MovieChar NUMBER(10) NOT NULL,
  CONSTRAINT fk_movie_cast_movie FOREIGN KEY (Movie) REFERENCES Movie (MovieID),
  CONSTRAINT fk_movie_cast_char FOREIGN KEY (MovieChar) REFERENCES MovieCharacter (MovCharID)
);

CREATE TABLE PersonPlays (
  Person    NUMBER(10) NOT NULL,
  MovieChar NUMBER(10) NOT NULL,
  CONSTRAINT fk_person_plays_person FOREIGN KEY (Person) REFERENCES Person (PersonID),
  CONSTRAINT fk_person_plays_movie_char FOREIGN KEY (MovieChar) REFERENCES MovieCharacter (MovCharID)
);



-- <SEEDING DATABASE> --------------------------------------------------------------------------------------------------

-- Genre
INSERT INTO GENRE (GENREID, GENRE) VALUES (1, 'Documentary');
INSERT INTO GENRE (GENREID, GENRE) VALUES (2, 'History');
INSERT INTO GENRE (GENREID, GENRE) VALUES (3, 'Action');
INSERT INTO GENRE (GENREID, GENRE) VALUES (4, 'Animation');
INSERT INTO GENRE (GENREID, GENRE) VALUES (5, 'Crime');
INSERT INTO GENRE (GENREID, GENRE) VALUES (6, 'Sci-Fi');
INSERT INTO GENRE (GENREID, GENRE) VALUES (7, 'Thriller');
INSERT INTO GENRE (GENREID, GENRE) VALUES (8, 'Adventure');
INSERT INTO GENRE (GENREID, GENRE) VALUES (9, 'Biography');
INSERT INTO GENRE (GENREID, GENRE) VALUES (10, 'Drama');
INSERT INTO GENRE (GENREID, GENRE) VALUES (11, 'Romance');
INSERT INTO GENRE (GENREID, GENRE) VALUES (12, 'Fantasy');
INSERT INTO GENRE (GENREID, GENRE) VALUES (13, 'Comedy');
INSERT INTO GENRE (GENREID, GENRE) VALUES (14, 'Horror');

-- Movie
INSERT INTO MOVIE (MOVIEID, TITLE, YEAR, TYPE) VALUES (1, 'Zeitgeist', 2007, 'V');
INSERT INTO MOVIE (MOVIEID, TITLE, YEAR, TYPE) VALUES (2, 'Batman: Under the Red Hood', 2010, 'V');
INSERT INTO MOVIE (MOVIEID, TITLE, YEAR, TYPE) VALUES (3, 'Batman: The Dark Knight Returns, Part 1', 2012, 'V');
INSERT INTO MOVIE (MOVIEID, TITLE, YEAR, TYPE) VALUES (4, 'Batman: The Dark Knight Returns, Part 2', 2013, 'V');
INSERT INTO MOVIE (MOVIEID, TITLE, YEAR, TYPE) VALUES (5, 'The Normal Heart', 2014, 'T');
INSERT INTO MOVIE (MOVIEID, TITLE, YEAR, TYPE) VALUES (6, '24', 2008, 'T');
INSERT INTO MOVIE (MOVIEID, TITLE, YEAR, TYPE) VALUES (7, 'You Don''t Know Jack', 2010, 'T');
INSERT INTO MOVIE (MOVIEID, TITLE, YEAR, TYPE) VALUES (8, 'The Sunset Limited', 2011, 'T');
INSERT INTO MOVIE (MOVIEID, TITLE, YEAR, TYPE) VALUES (9, 'The Dark Knight', 2008, 'C');
INSERT INTO MOVIE (MOVIEID, TITLE, YEAR, TYPE) VALUES (10, 'Inception', 2010, 'C');
INSERT INTO MOVIE (MOVIEID, TITLE, YEAR, TYPE) VALUES (11, 'The Lord of the Rings: The Fellowship of the Ring', 2001, 'C');
INSERT INTO MOVIE (MOVIEID, TITLE, YEAR, TYPE) VALUES (12, 'The Lord of the Rings: The Return of the King', 2003, 'C');
INSERT INTO MOVIE (MOVIEID, TITLE, YEAR, TYPE) VALUES (13, 'Grand Theft Auto V', 2013, 'G');
INSERT INTO MOVIE (MOVIEID, TITLE, YEAR, TYPE) VALUES (14, 'The Last of Us', 2013, 'G');
INSERT INTO MOVIE (MOVIEID, TITLE, YEAR, TYPE) VALUES (15, 'Grand Theft Auto: San Andreas', 2004, 'G');
INSERT INTO MOVIE (MOVIEID, TITLE, YEAR, TYPE) VALUES (16, 'Grand Theft Auto IV', 2008, 'G');

-- MovieGenre
INSERT INTO MOVIEGENRE (MOVIE, GENRE) VALUES (1, 1);
INSERT INTO MOVIEGENRE (MOVIE, GENRE) VALUES (1, 2);
INSERT INTO MOVIEGENRE (MOVIE, GENRE) VALUES (2, 3);
INSERT INTO MOVIEGENRE (MOVIE, GENRE) VALUES (2, 4);
INSERT INTO MOVIEGENRE (MOVIE, GENRE) VALUES (2, 5);
INSERT INTO MOVIEGENRE (MOVIE, GENRE) VALUES (2, 6);
INSERT INTO MOVIEGENRE (MOVIE, GENRE) VALUES (2, 7);
INSERT INTO MOVIEGENRE (MOVIE, GENRE) VALUES (3, 3);
INSERT INTO MOVIEGENRE (MOVIE, GENRE) VALUES (3, 8);
INSERT INTO MOVIEGENRE (MOVIE, GENRE) VALUES (3, 4);
INSERT INTO MOVIEGENRE (MOVIE, GENRE) VALUES (3, 5);
INSERT INTO MOVIEGENRE (MOVIE, GENRE) VALUES (3, 6);
INSERT INTO MOVIEGENRE (MOVIE, GENRE) VALUES (4, 3);
INSERT INTO MOVIEGENRE (MOVIE, GENRE) VALUES (4, 4);
INSERT INTO MOVIEGENRE (MOVIE, GENRE) VALUES (4, 5);
INSERT INTO MOVIEGENRE (MOVIE, GENRE) VALUES (4, 6);
INSERT INTO MOVIEGENRE (MOVIE, GENRE) VALUES (4, 7);
INSERT INTO MOVIEGENRE (MOVIE, GENRE) VALUES (5, 9);
INSERT INTO MOVIEGENRE (MOVIE, GENRE) VALUES (5, 10);
INSERT INTO MOVIEGENRE (MOVIE, GENRE) VALUES (5, 2);
INSERT INTO MOVIEGENRE (MOVIE, GENRE) VALUES (5, 11);
INSERT INTO MOVIEGENRE (MOVIE, GENRE) VALUES (6, 3);
INSERT INTO MOVIEGENRE (MOVIE, GENRE) VALUES (6, 8);
INSERT INTO MOVIEGENRE (MOVIE, GENRE) VALUES (6, 5);
INSERT INTO MOVIEGENRE (MOVIE, GENRE) VALUES (6, 10);
INSERT INTO MOVIEGENRE (MOVIE, GENRE) VALUES (6, 7);
INSERT INTO MOVIEGENRE (MOVIE, GENRE) VALUES (7, 9);
INSERT INTO MOVIEGENRE (MOVIE, GENRE) VALUES (7, 10);
INSERT INTO MOVIEGENRE (MOVIE, GENRE) VALUES (8, 10);
INSERT INTO MOVIEGENRE (MOVIE, GENRE) VALUES (9, 3);
INSERT INTO MOVIEGENRE (MOVIE, GENRE) VALUES (9, 5);
INSERT INTO MOVIEGENRE (MOVIE, GENRE) VALUES (9, 10);
INSERT INTO MOVIEGENRE (MOVIE, GENRE) VALUES (9, 7);
INSERT INTO MOVIEGENRE (MOVIE, GENRE) VALUES (10, 3);
INSERT INTO MOVIEGENRE (MOVIE, GENRE) VALUES (10, 8);
INSERT INTO MOVIEGENRE (MOVIE, GENRE) VALUES (10, 6);
INSERT INTO MOVIEGENRE (MOVIE, GENRE) VALUES (10, 7);
INSERT INTO MOVIEGENRE (MOVIE, GENRE) VALUES (11, 8);
INSERT INTO MOVIEGENRE (MOVIE, GENRE) VALUES (11, 10);
INSERT INTO MOVIEGENRE (MOVIE, GENRE) VALUES (11, 12);
INSERT INTO MOVIEGENRE (MOVIE, GENRE) VALUES (12, 8);
INSERT INTO MOVIEGENRE (MOVIE, GENRE) VALUES (12, 10);
INSERT INTO MOVIEGENRE (MOVIE, GENRE) VALUES (12, 12);
INSERT INTO MOVIEGENRE (MOVIE, GENRE) VALUES (13, 3);
INSERT INTO MOVIEGENRE (MOVIE, GENRE) VALUES (13, 8);
INSERT INTO MOVIEGENRE (MOVIE, GENRE) VALUES (13, 13);
INSERT INTO MOVIEGENRE (MOVIE, GENRE) VALUES (13, 5);
INSERT INTO MOVIEGENRE (MOVIE, GENRE) VALUES (13, 10);
INSERT INTO MOVIEGENRE (MOVIE, GENRE) VALUES (13, 7);
INSERT INTO MOVIEGENRE (MOVIE, GENRE) VALUES (14, 3);
INSERT INTO MOVIEGENRE (MOVIE, GENRE) VALUES (14, 8);
INSERT INTO MOVIEGENRE (MOVIE, GENRE) VALUES (14, 10);
INSERT INTO MOVIEGENRE (MOVIE, GENRE) VALUES (14, 14);
INSERT INTO MOVIEGENRE (MOVIE, GENRE) VALUES (14, 7);
INSERT INTO MOVIEGENRE (MOVIE, GENRE) VALUES (15, 3);
INSERT INTO MOVIEGENRE (MOVIE, GENRE) VALUES (15, 8);
INSERT INTO MOVIEGENRE (MOVIE, GENRE) VALUES (15, 13);
INSERT INTO MOVIEGENRE (MOVIE, GENRE) VALUES (15, 5);
INSERT INTO MOVIEGENRE (MOVIE, GENRE) VALUES (15, 10);
INSERT INTO MOVIEGENRE (MOVIE, GENRE) VALUES (15, 7);
INSERT INTO MOVIEGENRE (MOVIE, GENRE) VALUES (16, 3);
INSERT INTO MOVIEGENRE (MOVIE, GENRE) VALUES (16, 8);
INSERT INTO MOVIEGENRE (MOVIE, GENRE) VALUES (16, 13);
INSERT INTO MOVIEGENRE (MOVIE, GENRE) VALUES (16, 5);
INSERT INTO MOVIEGENRE (MOVIE, GENRE) VALUES (16, 10);
INSERT INTO MOVIEGENRE (MOVIE, GENRE) VALUES (16, 7);


-- MovieCharacter
INSERT INTO MOVIECHARACTER (MOVCHARID, CHARACTER, ALIAS, POSITION) VALUES (1, 'Himself', null, 2);
INSERT INTO MOVIECHARACTER (MOVCHARID, CHARACTER, ALIAS, POSITION) VALUES (2, 'Himself', null, 3);
INSERT INTO MOVIECHARACTER (MOVCHARID, CHARACTER, ALIAS, POSITION) VALUES (3, 'Himself', null, 4);
INSERT INTO MOVIECHARACTER (MOVCHARID, CHARACTER, ALIAS, POSITION) VALUES (4, 'Himself', null, 5);
INSERT INTO MOVIECHARACTER (MOVCHARID, CHARACTER, ALIAS, POSITION) VALUES (5, 'Batman/Bruce Wayne', null, 1);
INSERT INTO MOVIECHARACTER (MOVCHARID, CHARACTER, ALIAS, POSITION) VALUES (6, 'Jason Todd/Red Hood', null, 2);
INSERT INTO MOVIECHARACTER (MOVCHARID, CHARACTER, ALIAS, POSITION) VALUES (7, 'Joker', null, 3);
INSERT INTO MOVIECHARACTER (MOVCHARID, CHARACTER, ALIAS, POSITION) VALUES (8, 'Dick Grayson/Nightwing', null, 4);
INSERT INTO MOVIECHARACTER (MOVCHARID, CHARACTER, ALIAS, POSITION) VALUES (9, 'Batman/Bruce Wayne', null, 1);
INSERT INTO MOVIECHARACTER (MOVCHARID, CHARACTER, ALIAS, POSITION) VALUES (10, 'Robin/Carrie Kelley', null, 2);
INSERT INTO MOVIECHARACTER (MOVCHARID, CHARACTER, ALIAS, POSITION) VALUES (11, 'Commissioner Gordon', null, 3);
INSERT INTO MOVIECHARACTER (MOVCHARID, CHARACTER, ALIAS, POSITION) VALUES (12, 'Harvey Dent', null, 4);
INSERT INTO MOVIECHARACTER (MOVCHARID, CHARACTER, ALIAS, POSITION) VALUES (13, 'Batman/Bruce Wayne', null, 1);
INSERT INTO MOVIECHARACTER (MOVCHARID, CHARACTER, ALIAS, POSITION) VALUES (14, 'Robin/Carrie Kelley', null, 2);
INSERT INTO MOVIECHARACTER (MOVCHARID, CHARACTER, ALIAS, POSITION) VALUES (15, 'Joker', null, 3);
INSERT INTO MOVIECHARACTER (MOVCHARID, CHARACTER, ALIAS, POSITION) VALUES (16, 'Commissioner Gordon', null, 4);
INSERT INTO MOVIECHARACTER (MOVCHARID, CHARACTER, ALIAS, POSITION) VALUES (17, 'Ned Weeks', null, 1);
INSERT INTO MOVIECHARACTER (MOVCHARID, CHARACTER, ALIAS, POSITION) VALUES (18, 'Craig', null, 2);
INSERT INTO MOVIECHARACTER (MOVCHARID, CHARACTER, ALIAS, POSITION) VALUES (19, 'Nick', null, 3);
INSERT INTO MOVIECHARACTER (MOVCHARID, CHARACTER, ALIAS, POSITION) VALUES (20, 'Nino', null, 4);
INSERT INTO MOVIECHARACTER (MOVCHARID, CHARACTER, ALIAS, POSITION) VALUES (21, 'Jack Bauer', null, 1);
INSERT INTO MOVIECHARACTER (MOVCHARID, CHARACTER, ALIAS, POSITION) VALUES (22, 'President-Elect Allison Taylor', null, 2);
INSERT INTO MOVIECHARACTER (MOVCHARID, CHARACTER, ALIAS, POSITION) VALUES (23, 'Ethan Kanin', null, 3);
INSERT INTO MOVIECHARACTER (MOVCHARID, CHARACTER, ALIAS, POSITION) VALUES (24, 'Henry Taylor', null, 4);
INSERT INTO MOVIECHARACTER (MOVCHARID, CHARACTER, ALIAS, POSITION) VALUES (25, 'Jack Kevorkian', null, 1);
INSERT INTO MOVIECHARACTER (MOVCHARID, CHARACTER, ALIAS, POSITION) VALUES (26, 'Margo Janus', null, 2);
INSERT INTO MOVIECHARACTER (MOVCHARID, CHARACTER, ALIAS, POSITION) VALUES (27, 'Neal Nicol', null, 3);
INSERT INTO MOVIECHARACTER (MOVCHARID, CHARACTER, ALIAS, POSITION) VALUES (28, 'Linda', null, 4);
INSERT INTO MOVIECHARACTER (MOVCHARID, CHARACTER, ALIAS, POSITION) VALUES (29, 'Black', null, 1);
INSERT INTO MOVIECHARACTER (MOVCHARID, CHARACTER, ALIAS, POSITION) VALUES (30, 'White', null, 2);
INSERT INTO MOVIECHARACTER (MOVCHARID, CHARACTER, ALIAS, POSITION) VALUES (31, 'Bruce Wayne', null, 1);
INSERT INTO MOVIECHARACTER (MOVCHARID, CHARACTER, ALIAS, POSITION) VALUES (32, 'Joker', null, 2);
INSERT INTO MOVIECHARACTER (MOVCHARID, CHARACTER, ALIAS, POSITION) VALUES (33, 'Harvey Dent', null, 3);
INSERT INTO MOVIECHARACTER (MOVCHARID, CHARACTER, ALIAS, POSITION) VALUES (34, 'Alfred', null, 4);
INSERT INTO MOVIECHARACTER (MOVCHARID, CHARACTER, ALIAS, POSITION) VALUES (35, 'Cobb', null, 1);
INSERT INTO MOVIECHARACTER (MOVCHARID, CHARACTER, ALIAS, POSITION) VALUES (36, 'Arthur', null, 2);
INSERT INTO MOVIECHARACTER (MOVCHARID, CHARACTER, ALIAS, POSITION) VALUES (37, 'Ariadne', null, 3);
INSERT INTO MOVIECHARACTER (MOVCHARID, CHARACTER, ALIAS, POSITION) VALUES (38, 'Eames', null, 4);
INSERT INTO MOVIECHARACTER (MOVCHARID, CHARACTER, ALIAS, POSITION) VALUES (39, 'Voice of the Ring', null, 1);
INSERT INTO MOVIECHARACTER (MOVCHARID, CHARACTER, ALIAS, POSITION) VALUES (40, 'Everard Proudfoot', null, 2);
INSERT INTO MOVIECHARACTER (MOVCHARID, CHARACTER, ALIAS, POSITION) VALUES (41, 'Sam', null, 3);
INSERT INTO MOVIECHARACTER (MOVCHARID, CHARACTER, ALIAS, POSITION) VALUES (42, 'Sauron', null, 4);
INSERT INTO MOVIECHARACTER (MOVCHARID, CHARACTER, ALIAS, POSITION) VALUES (43, 'Everard Proudfoot', null, 1);
INSERT INTO MOVIECHARACTER (MOVCHARID, CHARACTER, ALIAS, POSITION) VALUES (44, 'Elanor Gamgee', 'Alexandra Astin', 2);
INSERT INTO MOVIECHARACTER (MOVCHARID, CHARACTER, ALIAS, POSITION) VALUES (45, 'Sam', null, 3);
INSERT INTO MOVIECHARACTER (MOVCHARID, CHARACTER, ALIAS, POSITION) VALUES (46, 'Gondorian Soldier 3', null, 4);
INSERT INTO MOVIECHARACTER (MOVCHARID, CHARACTER, ALIAS, POSITION) VALUES (47, 'Franklin Clinton', null, 1);
INSERT INTO MOVIECHARACTER (MOVCHARID, CHARACTER, ALIAS, POSITION) VALUES (48, 'Michael Townley/De Santa', null, 2);
INSERT INTO MOVIECHARACTER (MOVCHARID, CHARACTER, ALIAS, POSITION) VALUES (49, 'Trevor Philips', null, 3);
INSERT INTO MOVIECHARACTER (MOVCHARID, CHARACTER, ALIAS, POSITION) VALUES (50, 'Lamar Davis', null, 4);
INSERT INTO MOVIECHARACTER (MOVCHARID, CHARACTER, ALIAS, POSITION) VALUES (51, 'Joel', null, 2);
INSERT INTO MOVIECHARACTER (MOVCHARID, CHARACTER, ALIAS, POSITION) VALUES (52, 'Ellie', null, 2);
INSERT INTO MOVIECHARACTER (MOVCHARID, CHARACTER, ALIAS, POSITION) VALUES (53, 'Sarah', null, 3);
INSERT INTO MOVIECHARACTER (MOVCHARID, CHARACTER, ALIAS, POSITION) VALUES (54, 'Tommy', null, 4);
INSERT INTO MOVIECHARACTER (MOVCHARID, CHARACTER, ALIAS, POSITION) VALUES (55, 'Carl ''CJ'' Johnson', null, 1);
INSERT INTO MOVIECHARACTER (MOVCHARID, CHARACTER, ALIAS, POSITION) VALUES (56, 'Sean ''Sweet'' Johnson', null, 2);
INSERT INTO MOVIECHARACTER (MOVCHARID, CHARACTER, ALIAS, POSITION) VALUES (57, 'Kendl Johnson', null, 3);
INSERT INTO MOVIECHARACTER (MOVCHARID, CHARACTER, ALIAS, POSITION) VALUES (58, 'Melvin ''Big Smoke'' Harris/Additional Voice on News Radio', null, 4);
INSERT INTO MOVIECHARACTER (MOVCHARID, CHARACTER, ALIAS, POSITION) VALUES (59, 'Niko Bellic', null, 1);
INSERT INTO MOVIECHARACTER (MOVCHARID, CHARACTER, ALIAS, POSITION) VALUES (60, 'Roman Bellic', null, 2);
INSERT INTO MOVIECHARACTER (MOVCHARID, CHARACTER, ALIAS, POSITION) VALUES (61, 'Brucie Kibbutz/Commercial', null, 3);
INSERT INTO MOVIECHARACTER (MOVCHARID, CHARACTER, ALIAS, POSITION) VALUES (62, 'Dimitri Rascalov', null, 4);


-- MovieCast
INSERT INTO MOVIECAST (MOVIE, MOVIECHAR) VALUES (1, 1);
INSERT INTO MOVIECAST (MOVIE, MOVIECHAR) VALUES (1, 2);
INSERT INTO MOVIECAST (MOVIE, MOVIECHAR) VALUES (1, 3);
INSERT INTO MOVIECAST (MOVIE, MOVIECHAR) VALUES (1, 4);
INSERT INTO MOVIECAST (MOVIE, MOVIECHAR) VALUES (2, 5);
INSERT INTO MOVIECAST (MOVIE, MOVIECHAR) VALUES (2, 6);
INSERT INTO MOVIECAST (MOVIE, MOVIECHAR) VALUES (2, 7);
INSERT INTO MOVIECAST (MOVIE, MOVIECHAR) VALUES (2, 8);
INSERT INTO MOVIECAST (MOVIE, MOVIECHAR) VALUES (3, 9);
INSERT INTO MOVIECAST (MOVIE, MOVIECHAR) VALUES (3, 10);
INSERT INTO MOVIECAST (MOVIE, MOVIECHAR) VALUES (3, 11);
INSERT INTO MOVIECAST (MOVIE, MOVIECHAR) VALUES (3, 12);
INSERT INTO MOVIECAST (MOVIE, MOVIECHAR) VALUES (4, 13);
INSERT INTO MOVIECAST (MOVIE, MOVIECHAR) VALUES (4, 14);
INSERT INTO MOVIECAST (MOVIE, MOVIECHAR) VALUES (4, 15);
INSERT INTO MOVIECAST (MOVIE, MOVIECHAR) VALUES (4, 16);
INSERT INTO MOVIECAST (MOVIE, MOVIECHAR) VALUES (5, 17);
INSERT INTO MOVIECAST (MOVIE, MOVIECHAR) VALUES (5, 18);
INSERT INTO MOVIECAST (MOVIE, MOVIECHAR) VALUES (5, 19);
INSERT INTO MOVIECAST (MOVIE, MOVIECHAR) VALUES (5, 20);
INSERT INTO MOVIECAST (MOVIE, MOVIECHAR) VALUES (6, 21);
INSERT INTO MOVIECAST (MOVIE, MOVIECHAR) VALUES (6, 22);
INSERT INTO MOVIECAST (MOVIE, MOVIECHAR) VALUES (6, 23);
INSERT INTO MOVIECAST (MOVIE, MOVIECHAR) VALUES (6, 24);
INSERT INTO MOVIECAST (MOVIE, MOVIECHAR) VALUES (7, 25);
INSERT INTO MOVIECAST (MOVIE, MOVIECHAR) VALUES (7, 26);
INSERT INTO MOVIECAST (MOVIE, MOVIECHAR) VALUES (7, 27);
INSERT INTO MOVIECAST (MOVIE, MOVIECHAR) VALUES (7, 28);
INSERT INTO MOVIECAST (MOVIE, MOVIECHAR) VALUES (8, 29);
INSERT INTO MOVIECAST (MOVIE, MOVIECHAR) VALUES (8, 30);
INSERT INTO MOVIECAST (MOVIE, MOVIECHAR) VALUES (9, 31);
INSERT INTO MOVIECAST (MOVIE, MOVIECHAR) VALUES (9, 32);
INSERT INTO MOVIECAST (MOVIE, MOVIECHAR) VALUES (9, 33);
INSERT INTO MOVIECAST (MOVIE, MOVIECHAR) VALUES (9, 34);
INSERT INTO MOVIECAST (MOVIE, MOVIECHAR) VALUES (10, 35);
INSERT INTO MOVIECAST (MOVIE, MOVIECHAR) VALUES (10, 36);
INSERT INTO MOVIECAST (MOVIE, MOVIECHAR) VALUES (10, 37);
INSERT INTO MOVIECAST (MOVIE, MOVIECHAR) VALUES (10, 38);
INSERT INTO MOVIECAST (MOVIE, MOVIECHAR) VALUES (11, 39);
INSERT INTO MOVIECAST (MOVIE, MOVIECHAR) VALUES (11, 40);
INSERT INTO MOVIECAST (MOVIE, MOVIECHAR) VALUES (11, 41);
INSERT INTO MOVIECAST (MOVIE, MOVIECHAR) VALUES (11, 42);
INSERT INTO MOVIECAST (MOVIE, MOVIECHAR) VALUES (12, 43);
INSERT INTO MOVIECAST (MOVIE, MOVIECHAR) VALUES (12, 44);
INSERT INTO MOVIECAST (MOVIE, MOVIECHAR) VALUES (12, 45);
INSERT INTO MOVIECAST (MOVIE, MOVIECHAR) VALUES (12, 46);
INSERT INTO MOVIECAST (MOVIE, MOVIECHAR) VALUES (13, 47);
INSERT INTO MOVIECAST (MOVIE, MOVIECHAR) VALUES (13, 48);
INSERT INTO MOVIECAST (MOVIE, MOVIECHAR) VALUES (13, 49);
INSERT INTO MOVIECAST (MOVIE, MOVIECHAR) VALUES (13, 50);
INSERT INTO MOVIECAST (MOVIE, MOVIECHAR) VALUES (14, 51);
INSERT INTO MOVIECAST (MOVIE, MOVIECHAR) VALUES (14, 52);
INSERT INTO MOVIECAST (MOVIE, MOVIECHAR) VALUES (14, 53);
INSERT INTO MOVIECAST (MOVIE, MOVIECHAR) VALUES (14, 54);
INSERT INTO MOVIECAST (MOVIE, MOVIECHAR) VALUES (15, 55);
INSERT INTO MOVIECAST (MOVIE, MOVIECHAR) VALUES (15, 56);
INSERT INTO MOVIECAST (MOVIE, MOVIECHAR) VALUES (15, 57);
INSERT INTO MOVIECAST (MOVIE, MOVIECHAR) VALUES (15, 58);
INSERT INTO MOVIECAST (MOVIE, MOVIECHAR) VALUES (16, 59);
INSERT INTO MOVIECAST (MOVIE, MOVIECHAR) VALUES (16, 60);
INSERT INTO MOVIECAST (MOVIE, MOVIECHAR) VALUES (16, 61);
INSERT INTO MOVIECAST (MOVIE, MOVIECHAR) VALUES (16, 62);


-- Person
INSERT INTO PERSON (PERSONID, NAME, SEX) VALUES (1, 'Maxwell, Jordan', 'M');
INSERT INTO PERSON (PERSONID, NAME, SEX) VALUES (2, 'Carlin, George', 'M');
INSERT INTO PERSON (PERSONID, NAME, SEX) VALUES (3, 'Hicks, Bill', 'M');
INSERT INTO PERSON (PERSONID, NAME, SEX) VALUES (4, 'Griffin, David Ray', 'M');
INSERT INTO PERSON (PERSONID, NAME, SEX) VALUES (5, 'Greenwood, Bruce', 'M');
INSERT INTO PERSON (PERSONID, NAME, SEX) VALUES (6, 'Ackles, Jensen', 'M');
INSERT INTO PERSON (PERSONID, NAME, SEX) VALUES (7, 'DiMaggio, John', 'M');
INSERT INTO PERSON (PERSONID, NAME, SEX) VALUES (8, 'Harris, Neil Patrick', 'M');
INSERT INTO PERSON (PERSONID, NAME, SEX) VALUES (9, 'Weller, Peter', 'M');
INSERT INTO PERSON (PERSONID, NAME, SEX) VALUES (10, 'Winter, Ariel', 'W');
INSERT INTO PERSON (PERSONID, NAME, SEX) VALUES (11, 'Selby, David', 'M');
INSERT INTO PERSON (PERSONID, NAME, SEX) VALUES (12, 'Williams, Wade', 'M');
INSERT INTO PERSON (PERSONID, NAME, SEX) VALUES (13, 'Emerson, Michael', 'M');
INSERT INTO PERSON (PERSONID, NAME, SEX) VALUES (14, 'Ruffalo, Mark', 'M');
INSERT INTO PERSON (PERSONID, NAME, SEX) VALUES (15, 'Groff, Jonathan', 'M');
INSERT INTO PERSON (PERSONID, NAME, SEX) VALUES (16, 'De Julio, Frank', 'M');
INSERT INTO PERSON (PERSONID, NAME, SEX) VALUES (17, 'DeMeritt, William', 'M');
INSERT INTO PERSON (PERSONID, NAME, SEX) VALUES (18, 'Sutherland, Kiefer', 'M');
INSERT INTO PERSON (PERSONID, NAME, SEX) VALUES (19, 'Jones, Cherry', 'W');
INSERT INTO PERSON (PERSONID, NAME, SEX) VALUES (20, 'Gunton, Bob', 'M');
INSERT INTO PERSON (PERSONID, NAME, SEX) VALUES (21, 'Feore, Colm', 'M');
INSERT INTO PERSON (PERSONID, NAME, SEX) VALUES (22, 'Pacino, Al', 'M');
INSERT INTO PERSON (PERSONID, NAME, SEX) VALUES (23, 'Vaccaro, Brenda', 'W');
INSERT INTO PERSON (PERSONID, NAME, SEX) VALUES (24, 'Goodman, John', 'M');
INSERT INTO PERSON (PERSONID, NAME, SEX) VALUES (25, 'O''Connell, Deirdre', 'W');
INSERT INTO PERSON (PERSONID, NAME, SEX) VALUES (26, 'Jackson, Samuel L.', 'M');
INSERT INTO PERSON (PERSONID, NAME, SEX) VALUES (27, 'Jones, Tommy Lee', 'M');
INSERT INTO PERSON (PERSONID, NAME, SEX) VALUES (28, 'Bale, Christian', 'M');
INSERT INTO PERSON (PERSONID, NAME, SEX) VALUES (29, 'Ledger, Heath', 'M');
INSERT INTO PERSON (PERSONID, NAME, SEX) VALUES (30, 'Eckhart, Aaron', 'M');
INSERT INTO PERSON (PERSONID, NAME, SEX) VALUES (31, 'Caine, Michael', 'M');
INSERT INTO PERSON (PERSONID, NAME, SEX) VALUES (32, 'DiCaprio, Leonardo', 'M');
INSERT INTO PERSON (PERSONID, NAME, SEX) VALUES (33, 'Gordon-Levitt, Joseph', 'M');
INSERT INTO PERSON (PERSONID, NAME, SEX) VALUES (34, 'Page, Ellen', 'W');
INSERT INTO PERSON (PERSONID, NAME, SEX) VALUES (35, 'Hardy, Tom', 'M');
INSERT INTO PERSON (PERSONID, NAME, SEX) VALUES (36, 'Howard, Alan', 'M');
INSERT INTO PERSON (PERSONID, NAME, SEX) VALUES (37, 'Appleby, Noel', 'M');
INSERT INTO PERSON (PERSONID, NAME, SEX) VALUES (38, 'Astin, Sean', 'M');
INSERT INTO PERSON (PERSONID, NAME, SEX) VALUES (39, 'Baker, Sala', 'M');
INSERT INTO PERSON (PERSONID, NAME, SEX) VALUES (40, 'Astin, Ali', 'W');
INSERT INTO PERSON (PERSONID, NAME, SEX) VALUES (41, 'Aston, David', 'M');
INSERT INTO PERSON (PERSONID, NAME, SEX) VALUES (42, 'Fonteno, Shawn', 'M');
INSERT INTO PERSON (PERSONID, NAME, SEX) VALUES (43, 'Luke, Ned', 'M');
INSERT INTO PERSON (PERSONID, NAME, SEX) VALUES (44, 'Ogg, Steven', 'M');
INSERT INTO PERSON (PERSONID, NAME, SEX) VALUES (45, 'Johnson, Gerald ''Slink''', 'M');
INSERT INTO PERSON (PERSONID, NAME, SEX) VALUES (46, 'Baker, Troy', 'M');
INSERT INTO PERSON (PERSONID, NAME, SEX) VALUES (47, 'Johnson, Ashley', 'W');
INSERT INTO PERSON (PERSONID, NAME, SEX) VALUES (48, 'Hayes, Hana', 'W');
INSERT INTO PERSON (PERSONID, NAME, SEX) VALUES (49, 'Pierce, Jeffrey', 'M');
INSERT INTO PERSON (PERSONID, NAME, SEX) VALUES (50, 'Maylay, Young', 'M');
INSERT INTO PERSON (PERSONID, NAME, SEX) VALUES (51, 'Love, Faizon', 'M');
INSERT INTO PERSON (PERSONID, NAME, SEX) VALUES (52, 'Whittaker, Yolanda', 'W');
INSERT INTO PERSON (PERSONID, NAME, SEX) VALUES (53, 'Powell, Clifton', 'M');
INSERT INTO PERSON (PERSONID, NAME, SEX) VALUES (54, 'Hollick, Michael', 'M');
INSERT INTO PERSON (PERSONID, NAME, SEX) VALUES (55, 'Zumwalt, Jason', 'M');
INSERT INTO PERSON (PERSONID, NAME, SEX) VALUES (56, 'Adams, Timothy', 'M');
INSERT INTO PERSON (PERSONID, NAME, SEX) VALUES (57, 'Margolin, Moti', 'M');

-- PersonPlays
INSERT INTO PERSONPLAYS (PERSON, MOVIECHAR) VALUES (1, 1);
INSERT INTO PERSONPLAYS (PERSON, MOVIECHAR) VALUES (2, 2);
INSERT INTO PERSONPLAYS (PERSON, MOVIECHAR) VALUES (3, 3);
INSERT INTO PERSONPLAYS (PERSON, MOVIECHAR) VALUES (4, 4);
INSERT INTO PERSONPLAYS (PERSON, MOVIECHAR) VALUES (5, 5);
INSERT INTO PERSONPLAYS (PERSON, MOVIECHAR) VALUES (6, 6);
INSERT INTO PERSONPLAYS (PERSON, MOVIECHAR) VALUES (7, 7);
INSERT INTO PERSONPLAYS (PERSON, MOVIECHAR) VALUES (8, 8);
INSERT INTO PERSONPLAYS (PERSON, MOVIECHAR) VALUES (9, 9);
INSERT INTO PERSONPLAYS (PERSON, MOVIECHAR) VALUES (10, 10);
INSERT INTO PERSONPLAYS (PERSON, MOVIECHAR) VALUES (11, 11);
INSERT INTO PERSONPLAYS (PERSON, MOVIECHAR) VALUES (12, 12);
INSERT INTO PERSONPLAYS (PERSON, MOVIECHAR) VALUES (9, 13);
INSERT INTO PERSONPLAYS (PERSON, MOVIECHAR) VALUES (10, 14);
INSERT INTO PERSONPLAYS (PERSON, MOVIECHAR) VALUES (13, 15);
INSERT INTO PERSONPLAYS (PERSON, MOVIECHAR) VALUES (11, 16);
INSERT INTO PERSONPLAYS (PERSON, MOVIECHAR) VALUES (14, 17);
INSERT INTO PERSONPLAYS (PERSON, MOVIECHAR) VALUES (15, 18);
INSERT INTO PERSONPLAYS (PERSON, MOVIECHAR) VALUES (16, 19);
INSERT INTO PERSONPLAYS (PERSON, MOVIECHAR) VALUES (17, 20);
INSERT INTO PERSONPLAYS (PERSON, MOVIECHAR) VALUES (18, 21);
INSERT INTO PERSONPLAYS (PERSON, MOVIECHAR) VALUES (19, 22);
INSERT INTO PERSONPLAYS (PERSON, MOVIECHAR) VALUES (20, 23);
INSERT INTO PERSONPLAYS (PERSON, MOVIECHAR) VALUES (21, 24);
INSERT INTO PERSONPLAYS (PERSON, MOVIECHAR) VALUES (22, 25);
INSERT INTO PERSONPLAYS (PERSON, MOVIECHAR) VALUES (23, 26);
INSERT INTO PERSONPLAYS (PERSON, MOVIECHAR) VALUES (24, 27);
INSERT INTO PERSONPLAYS (PERSON, MOVIECHAR) VALUES (25, 28);
INSERT INTO PERSONPLAYS (PERSON, MOVIECHAR) VALUES (26, 29);
INSERT INTO PERSONPLAYS (PERSON, MOVIECHAR) VALUES (27, 30);
INSERT INTO PERSONPLAYS (PERSON, MOVIECHAR) VALUES (28, 31);
INSERT INTO PERSONPLAYS (PERSON, MOVIECHAR) VALUES (29, 32);
INSERT INTO PERSONPLAYS (PERSON, MOVIECHAR) VALUES (30, 33);
INSERT INTO PERSONPLAYS (PERSON, MOVIECHAR) VALUES (31, 34);
INSERT INTO PERSONPLAYS (PERSON, MOVIECHAR) VALUES (32, 35);
INSERT INTO PERSONPLAYS (PERSON, MOVIECHAR) VALUES (33, 36);
INSERT INTO PERSONPLAYS (PERSON, MOVIECHAR) VALUES (34, 37);
INSERT INTO PERSONPLAYS (PERSON, MOVIECHAR) VALUES (35, 38);
INSERT INTO PERSONPLAYS (PERSON, MOVIECHAR) VALUES (36, 39);
INSERT INTO PERSONPLAYS (PERSON, MOVIECHAR) VALUES (37, 40);
INSERT INTO PERSONPLAYS (PERSON, MOVIECHAR) VALUES (38, 41);
INSERT INTO PERSONPLAYS (PERSON, MOVIECHAR) VALUES (39, 42);
INSERT INTO PERSONPLAYS (PERSON, MOVIECHAR) VALUES (37, 43);
INSERT INTO PERSONPLAYS (PERSON, MOVIECHAR) VALUES (40, 44);
INSERT INTO PERSONPLAYS (PERSON, MOVIECHAR) VALUES (38, 45);
INSERT INTO PERSONPLAYS (PERSON, MOVIECHAR) VALUES (41, 46);
INSERT INTO PERSONPLAYS (PERSON, MOVIECHAR) VALUES (42, 47);
INSERT INTO PERSONPLAYS (PERSON, MOVIECHAR) VALUES (43, 48);
INSERT INTO PERSONPLAYS (PERSON, MOVIECHAR) VALUES (44, 49);
INSERT INTO PERSONPLAYS (PERSON, MOVIECHAR) VALUES (45, 50);
INSERT INTO PERSONPLAYS (PERSON, MOVIECHAR) VALUES (46, 51);
INSERT INTO PERSONPLAYS (PERSON, MOVIECHAR) VALUES (47, 52);
INSERT INTO PERSONPLAYS (PERSON, MOVIECHAR) VALUES (48, 53);
INSERT INTO PERSONPLAYS (PERSON, MOVIECHAR) VALUES (49, 54);
INSERT INTO PERSONPLAYS (PERSON, MOVIECHAR) VALUES (50, 55);
INSERT INTO PERSONPLAYS (PERSON, MOVIECHAR) VALUES (51, 56);
INSERT INTO PERSONPLAYS (PERSON, MOVIECHAR) VALUES (52, 57);
INSERT INTO PERSONPLAYS (PERSON, MOVIECHAR) VALUES (53, 58);
INSERT INTO PERSONPLAYS (PERSON, MOVIECHAR) VALUES (54, 59);
INSERT INTO PERSONPLAYS (PERSON, MOVIECHAR) VALUES (55, 60);
INSERT INTO PERSONPLAYS (PERSON, MOVIECHAR) VALUES (56, 61);
INSERT INTO PERSONPLAYS (PERSON, MOVIECHAR) VALUES (57, 62);


-- </SEEDING DATABASE> -------------------------------------------------------------------------------------------------

COMMIT;
