-- <DROP TABLES IF THEY EXIST> -------------------------------------------------------------------------------------------------------------

DECLARE
    PROCEDURE dropTable(tableName IN VARCHAR2) IS
        TABLE_DOES_NOT_EXISTS EXCEPTION;
        PRAGMA EXCEPTION_INIT (TABLE_DOES_NOT_EXISTS, -00942);
    BEGIN
        EXECUTE IMMEDIATE 'DROP TABLE ' || tableName || ' CASCADE CONSTRAINTS';
    EXCEPTION
        WHEN TABLE_DOES_NOT_EXISTS THEN NULL;
      --WHEN OTHERS THEN NULL -- Don't use this, to see if there is any other issue while dropping the tables
    END;
BEGIN
    dropTable('MovieGenre');
    dropTable('PersonPlays');
    dropTable('Genre');
    dropTable('Movie');
    dropTable('MovieCharacter');
    dropTable('Person');
END;
/

-- </DROP TABLES IF THEY EXIST> ------------------------------------------------------------------------------------------------------------

-- <MAIN TABLES> ---------------------------------------------------------------------------------------------------------------------------

CREATE TABLE Genre (
    GenreID NUMBER(10) GENERATED BY DEFAULT ON NULL AS IDENTITY,
    Genre   VARCHAR2(255) NOT NULL,
    CONSTRAINT pk_genre_id PRIMARY KEY (GenreID),
    CONSTRAINT uk_genre UNIQUE (Genre),
    CONSTRAINT ck_genre CHECK (Genre IN
                               ('Documentary', 'History', 'Action', 'Animation', 'Crime', 'Sci-Fi', 'Thriller', 'Adventure', 'Biography', 'Drama', 'Romance', 'Fantasy', 'Comedy', 'Horror'))
);

CREATE TABLE Movie (
    MovieID NUMBER(10) GENERATED BY DEFAULT ON NULL AS IDENTITY,
    Title   VARCHAR2(255) NOT NULL,
    Year    NUMBER(4)     NOT NULL,
    Type    CHAR          NOT NULL,
    CONSTRAINT pk_movie_id PRIMARY KEY (MovieID)
);


CREATE TABLE MovieCharacter (
    MovCharID NUMBER(10) GENERATED BY DEFAULT ON NULL AS IDENTITY,
    Movie     NUMBER(10)    NOT NULL,
    Character VARCHAR2(255) NOT NULL,
    Alias     VARCHAR2(255),
    Position  NUMBER(3),
    CONSTRAINT pk_movie_char_id PRIMARY KEY (MovCharID),
    CONSTRAINT pk_movie_char_movie FOREIGN KEY (Movie) REFERENCES Movie (MovieID)
);


CREATE TABLE Person (
    PersonID NUMBER(10) GENERATED BY DEFAULT ON NULL AS IDENTITY,
    Name     VARCHAR2(255) NOT NULL,
    Sex      CHAR          NOT NULL,
    CONSTRAINT pk_person_id PRIMARY KEY (PersonID),
    CONSTRAINT uk_person_name UNIQUE (Name),
    CONSTRAINT ck_person_sex CHECK (Sex IN ('M', 'W'))
);

-- </MAIN TABLES> --------------------------------------------------------------------------------------------------------------------------

-- <RELATIONS> -----------------------------------------------------------------------------------------------------------------------------

CREATE TABLE MovieGenre (
    Movie NUMBER(10) NOT NULL,
    Genre NUMBER(10) NOT NULL,
    CONSTRAINT fk_movie_genre_movie FOREIGN KEY (Movie) REFERENCES Movie (MovieID),
    CONSTRAINT fk_movie_genre_genre FOREIGN KEY (Genre) REFERENCES Genre (GenreID)
);

CREATE TABLE PersonPlays (
    Person    NUMBER(10) NOT NULL,
    MovieChar NUMBER(10) NOT NULL,
    CONSTRAINT fk_person_plays_person FOREIGN KEY (Person) REFERENCES Person (PersonID),
    CONSTRAINT fk_person_plays_movie_char FOREIGN KEY (MovieChar) REFERENCES MovieCharacter (MovCharID)
);

-- </RELATIONS> ----------------------------------------------------------------------------------------------------------------------------


-- <SEEDING DATABASE> ----------------------------------------------------------------------------------------------------------------------

-- Genre
INSERT INTO GENRE (GENREID, GENRE) VALUES (1, 'Action');
INSERT INTO GENRE (GENREID, GENRE) VALUES (2, 'Crime');
INSERT INTO GENRE (GENREID, GENRE) VALUES (3, 'Adventure');
INSERT INTO GENRE (GENREID, GENRE) VALUES (4, 'Drama');
INSERT INTO GENRE (GENREID, GENRE) VALUES (5, 'Thriller');
INSERT INTO GENRE (GENREID, GENRE) VALUES (6, 'Biography');
INSERT INTO GENRE (GENREID, GENRE) VALUES (7, 'Documentary');
INSERT INTO GENRE (GENREID, GENRE) VALUES (8, 'History');
INSERT INTO GENRE (GENREID, GENRE) VALUES (9, 'Animation');

-- Movie
INSERT INTO MOVIE (MOVIEID, TITLE, YEAR, TYPE) VALUES (1, 'The Dark Knight', 2008, 'C');
INSERT INTO MOVIE (MOVIEID, TITLE, YEAR, TYPE) VALUES (2, 'Inception', 2010, 'C');
INSERT INTO MOVIE (MOVIEID, TITLE, YEAR, TYPE) VALUES (3, 'The Lord of the Rings: The Fellowship of the Ring', 2001, 'C');
INSERT INTO MOVIE (MOVIEID, TITLE, YEAR, TYPE) VALUES (4, 'The Lord of the Rings: The Return of the King', 2003, 'C');
INSERT INTO MOVIE (MOVIEID, TITLE, YEAR, TYPE) VALUES (5, 'The Dark Knight Rises', 2012, 'C');
INSERT INTO MOVIE (MOVIEID, TITLE, YEAR, TYPE) VALUES (6, 'The Lord of the Rings: The Two Towers', 2002, 'C');
INSERT INTO MOVIE (MOVIEID, TITLE, YEAR, TYPE) VALUES (7, 'Grand Theft Auto V', 2013, 'G');
INSERT INTO MOVIE (MOVIEID, TITLE, YEAR, TYPE) VALUES (8, 'The Last of Us', 2013, 'G');
INSERT INTO MOVIE (MOVIEID, TITLE, YEAR, TYPE) VALUES (9, 'The Normal Heart', 2014, 'T');
INSERT INTO MOVIE (MOVIEID, TITLE, YEAR, TYPE) VALUES (10, '24', 2008, 'T');
INSERT INTO MOVIE (MOVIEID, TITLE, YEAR, TYPE) VALUES (11, 'You Don''t Know Jack', 2010, 'T');
INSERT INTO MOVIE (MOVIEID, TITLE, YEAR, TYPE) VALUES (12, 'The Sunset Limited', 2011, 'T');
INSERT INTO MOVIE (MOVIEID, TITLE, YEAR, TYPE) VALUES (13, 'Zeitgeist', 2007, 'V');
INSERT INTO MOVIE (MOVIEID, TITLE, YEAR, TYPE) VALUES (14, 'Batman: Under the Red Hood', 2010, 'V');

-- MovieCharacter
INSERT INTO MOVIECHARACTER (MOVCHARID, MOVIE, CHARACTER, ALIAS, POSITION) VALUES (1, 1, 'Bruce Wayne', null, 1);
INSERT INTO MOVIECHARACTER (MOVCHARID, MOVIE, CHARACTER, ALIAS, POSITION) VALUES (2, 1, 'Joker', null, 2);
INSERT INTO MOVIECHARACTER (MOVCHARID, MOVIE, CHARACTER, ALIAS, POSITION) VALUES (3, 1, 'Harvey Dent', null, 3);
INSERT INTO MOVIECHARACTER (MOVCHARID, MOVIE, CHARACTER, ALIAS, POSITION) VALUES (4, 1, 'Alfred', null, 4);
INSERT INTO MOVIECHARACTER (MOVCHARID, MOVIE, CHARACTER, ALIAS, POSITION) VALUES (5, 2, 'Cobb', null, 1);
INSERT INTO MOVIECHARACTER (MOVCHARID, MOVIE, CHARACTER, ALIAS, POSITION) VALUES (6, 2, 'Arthur', null, 2);
INSERT INTO MOVIECHARACTER (MOVCHARID, MOVIE, CHARACTER, ALIAS, POSITION) VALUES (7, 2, 'Ariadne', null, 3);
INSERT INTO MOVIECHARACTER (MOVCHARID, MOVIE, CHARACTER, ALIAS, POSITION) VALUES (8, 2, 'Eames', null, 4);
INSERT INTO MOVIECHARACTER (MOVCHARID, MOVIE, CHARACTER, ALIAS, POSITION) VALUES (9, 3, 'Voice of the Ring', null, 1);
INSERT INTO MOVIECHARACTER (MOVCHARID, MOVIE, CHARACTER, ALIAS, POSITION) VALUES (10, 3, 'Everard Proudfoot', null, 2);
INSERT INTO MOVIECHARACTER (MOVCHARID, MOVIE, CHARACTER, ALIAS, POSITION) VALUES (11, 3, 'Sam', null, 3);
INSERT INTO MOVIECHARACTER (MOVCHARID, MOVIE, CHARACTER, ALIAS, POSITION) VALUES (12, 3, 'Sauron', null, 4);
INSERT INTO MOVIECHARACTER (MOVCHARID, MOVIE, CHARACTER, ALIAS, POSITION) VALUES (13, 4, 'Everard Proudfoot', null, 1);
INSERT INTO MOVIECHARACTER (MOVCHARID, MOVIE, CHARACTER, ALIAS, POSITION) VALUES (14, 4, 'Elanor Gamgee', 'Alexandra Astin', 2);
INSERT INTO MOVIECHARACTER (MOVCHARID, MOVIE, CHARACTER, ALIAS, POSITION) VALUES (15, 4, 'Sam', null, 3);
INSERT INTO MOVIECHARACTER (MOVCHARID, MOVIE, CHARACTER, ALIAS, POSITION) VALUES (16, 4, 'Gondorian Soldier 3', null, 4);
INSERT INTO MOVIECHARACTER (MOVCHARID, MOVIE, CHARACTER, ALIAS, POSITION) VALUES (17, 5, 'Bruce Wayne', null, 1);
INSERT INTO MOVIECHARACTER (MOVCHARID, MOVIE, CHARACTER, ALIAS, POSITION) VALUES (18, 5, 'Commissioner Gordon', null, 2);
INSERT INTO MOVIECHARACTER (MOVCHARID, MOVIE, CHARACTER, ALIAS, POSITION) VALUES (19, 5, 'Bane', null, 3);
INSERT INTO MOVIECHARACTER (MOVCHARID, MOVIE, CHARACTER, ALIAS, POSITION) VALUES (20, 5, 'Blake', null, 4);
INSERT INTO MOVIECHARACTER (MOVCHARID, MOVIE, CHARACTER, ALIAS, POSITION) VALUES (21, 6, 'Aldor', null, 2);
INSERT INTO MOVIECHARACTER (MOVCHARID, MOVIE, CHARACTER, ALIAS, POSITION) VALUES (22, 6, 'Sam', null, 2);
INSERT INTO MOVIECHARACTER (MOVCHARID, MOVIE, CHARACTER, ALIAS, POSITION) VALUES (23, 6, 'Madril', null, 4);
INSERT INTO MOVIECHARACTER (MOVCHARID, MOVIE, CHARACTER, ALIAS, POSITION) VALUES (24, 6, 'Man Flesh Uruk', null, 5);
INSERT INTO MOVIECHARACTER (MOVCHARID, MOVIE, CHARACTER, ALIAS, POSITION) VALUES (25, 7, 'Franklin Clinton', null, 1);
INSERT INTO MOVIECHARACTER (MOVCHARID, MOVIE, CHARACTER, ALIAS, POSITION) VALUES (26, 7, 'Michael Townley/De Santa', null, 2);
INSERT INTO MOVIECHARACTER (MOVCHARID, MOVIE, CHARACTER, ALIAS, POSITION) VALUES (27, 7, 'Trevor Philips', null, 3);
INSERT INTO MOVIECHARACTER (MOVCHARID, MOVIE, CHARACTER, ALIAS, POSITION) VALUES (28, 7, 'Lamar Davis', null, 4);
INSERT INTO MOVIECHARACTER (MOVCHARID, MOVIE, CHARACTER, ALIAS, POSITION) VALUES (29, 8, 'Joel', null, 2);
INSERT INTO MOVIECHARACTER (MOVCHARID, MOVIE, CHARACTER, ALIAS, POSITION) VALUES (30, 8, 'Ellie', null, 2);
INSERT INTO MOVIECHARACTER (MOVCHARID, MOVIE, CHARACTER, ALIAS, POSITION) VALUES (31, 8, 'Sarah', null, 3);
INSERT INTO MOVIECHARACTER (MOVCHARID, MOVIE, CHARACTER, ALIAS, POSITION) VALUES (32, 8, 'Tommy', null, 4);
INSERT INTO MOVIECHARACTER (MOVCHARID, MOVIE, CHARACTER, ALIAS, POSITION) VALUES (33, 9, 'Ned Weeks', null, 1);
INSERT INTO MOVIECHARACTER (MOVCHARID, MOVIE, CHARACTER, ALIAS, POSITION) VALUES (34, 9, 'Craig', null, 2);
INSERT INTO MOVIECHARACTER (MOVCHARID, MOVIE, CHARACTER, ALIAS, POSITION) VALUES (35, 9, 'Nick', null, 3);
INSERT INTO MOVIECHARACTER (MOVCHARID, MOVIE, CHARACTER, ALIAS, POSITION) VALUES (36, 9, 'Nino', null, 4);
INSERT INTO MOVIECHARACTER (MOVCHARID, MOVIE, CHARACTER, ALIAS, POSITION) VALUES (37, 10, 'Jack Bauer', null, 1);
INSERT INTO MOVIECHARACTER (MOVCHARID, MOVIE, CHARACTER, ALIAS, POSITION) VALUES (38, 10, 'President-Elect Allison Taylor', null, 2);
INSERT INTO MOVIECHARACTER (MOVCHARID, MOVIE, CHARACTER, ALIAS, POSITION) VALUES (39, 10, 'Ethan Kanin', null, 3);
INSERT INTO MOVIECHARACTER (MOVCHARID, MOVIE, CHARACTER, ALIAS, POSITION) VALUES (40, 10, 'Henry Taylor', null, 4);
INSERT INTO MOVIECHARACTER (MOVCHARID, MOVIE, CHARACTER, ALIAS, POSITION) VALUES (41, 11, 'Jack Kevorkian', null, 1);
INSERT INTO MOVIECHARACTER (MOVCHARID, MOVIE, CHARACTER, ALIAS, POSITION) VALUES (42, 11, 'Margo Janus', null, 2);
INSERT INTO MOVIECHARACTER (MOVCHARID, MOVIE, CHARACTER, ALIAS, POSITION) VALUES (43, 11, 'Neal Nicol', null, 3);
INSERT INTO MOVIECHARACTER (MOVCHARID, MOVIE, CHARACTER, ALIAS, POSITION) VALUES (44, 11, 'Linda', null, 4);
INSERT INTO MOVIECHARACTER (MOVCHARID, MOVIE, CHARACTER, ALIAS, POSITION) VALUES (45, 12, 'Black', null, 1);
INSERT INTO MOVIECHARACTER (MOVCHARID, MOVIE, CHARACTER, ALIAS, POSITION) VALUES (46, 12, 'White', null, 2);
INSERT INTO MOVIECHARACTER (MOVCHARID, MOVIE, CHARACTER, ALIAS, POSITION) VALUES (47, 13, 'Himself', null, 2);
INSERT INTO MOVIECHARACTER (MOVCHARID, MOVIE, CHARACTER, ALIAS, POSITION) VALUES (48, 13, 'Himself', null, 3);
INSERT INTO MOVIECHARACTER (MOVCHARID, MOVIE, CHARACTER, ALIAS, POSITION) VALUES (49, 13, 'Himself', null, 4);
INSERT INTO MOVIECHARACTER (MOVCHARID, MOVIE, CHARACTER, ALIAS, POSITION) VALUES (50, 13, 'Himself', null, 5);
INSERT INTO MOVIECHARACTER (MOVCHARID, MOVIE, CHARACTER, ALIAS, POSITION) VALUES (51, 14, 'Batman/Bruce Wayne', null, 1);
INSERT INTO MOVIECHARACTER (MOVCHARID, MOVIE, CHARACTER, ALIAS, POSITION) VALUES (52, 14, 'Jason Todd/Red Hood', null, 2);
INSERT INTO MOVIECHARACTER (MOVCHARID, MOVIE, CHARACTER, ALIAS, POSITION) VALUES (53, 14, 'Joker', null, 3);
INSERT INTO MOVIECHARACTER (MOVCHARID, MOVIE, CHARACTER, ALIAS, POSITION) VALUES (54, 14, 'Dick Grayson/Nightwing', null, 4);

-- MovieGenre
INSERT INTO MOVIEGENRE (MOVIE, GENRE) VALUES (1, 1);
INSERT INTO MOVIEGENRE (MOVIE, GENRE) VALUES (1, 2);
INSERT INTO MOVIEGENRE (MOVIE, GENRE) VALUES (2, 1);
INSERT INTO MOVIEGENRE (MOVIE, GENRE) VALUES (2, 3);
INSERT INTO MOVIEGENRE (MOVIE, GENRE) VALUES (3, 3);
INSERT INTO MOVIEGENRE (MOVIE, GENRE) VALUES (3, 4);
INSERT INTO MOVIEGENRE (MOVIE, GENRE) VALUES (4, 3);
INSERT INTO MOVIEGENRE (MOVIE, GENRE) VALUES (4, 4);
INSERT INTO MOVIEGENRE (MOVIE, GENRE) VALUES (5, 1);
INSERT INTO MOVIEGENRE (MOVIE, GENRE) VALUES (5, 5);
INSERT INTO MOVIEGENRE (MOVIE, GENRE) VALUES (6, 3);
INSERT INTO MOVIEGENRE (MOVIE, GENRE) VALUES (6, 4);
INSERT INTO MOVIEGENRE (MOVIE, GENRE) VALUES (7, 1);
INSERT INTO MOVIEGENRE (MOVIE, GENRE) VALUES (7, 3);
INSERT INTO MOVIEGENRE (MOVIE, GENRE) VALUES (8, 1);
INSERT INTO MOVIEGENRE (MOVIE, GENRE) VALUES (8, 3);
INSERT INTO MOVIEGENRE (MOVIE, GENRE) VALUES (9, 6);
INSERT INTO MOVIEGENRE (MOVIE, GENRE) VALUES (9, 4);
INSERT INTO MOVIEGENRE (MOVIE, GENRE) VALUES (10, 1);
INSERT INTO MOVIEGENRE (MOVIE, GENRE) VALUES (10, 3);
INSERT INTO MOVIEGENRE (MOVIE, GENRE) VALUES (11, 6);
INSERT INTO MOVIEGENRE (MOVIE, GENRE) VALUES (11, 4);
INSERT INTO MOVIEGENRE (MOVIE, GENRE) VALUES (12, 4);
INSERT INTO MOVIEGENRE (MOVIE, GENRE) VALUES (13, 7);
INSERT INTO MOVIEGENRE (MOVIE, GENRE) VALUES (13, 8);
INSERT INTO MOVIEGENRE (MOVIE, GENRE) VALUES (14, 1);
INSERT INTO MOVIEGENRE (MOVIE, GENRE) VALUES (14, 9);

-- Person
INSERT INTO PERSON (PERSONID, NAME, SEX) VALUES (1, 'Bale, Christian', 'M');
INSERT INTO PERSON (PERSONID, NAME, SEX) VALUES (2, 'Ledger, Heath', 'M');
INSERT INTO PERSON (PERSONID, NAME, SEX) VALUES (3, 'Eckhart, Aaron', 'M');
INSERT INTO PERSON (PERSONID, NAME, SEX) VALUES (4, 'Caine, Michael', 'M');
INSERT INTO PERSON (PERSONID, NAME, SEX) VALUES (5, 'DiCaprio, Leonardo', 'M');
INSERT INTO PERSON (PERSONID, NAME, SEX) VALUES (6, 'Gordon-Levitt, Joseph', 'M');
INSERT INTO PERSON (PERSONID, NAME, SEX) VALUES (7, 'Page, Ellen', 'W');
INSERT INTO PERSON (PERSONID, NAME, SEX) VALUES (8, 'Hardy, Tom', 'M');
INSERT INTO PERSON (PERSONID, NAME, SEX) VALUES (9, 'Howard, Alan', 'M');
INSERT INTO PERSON (PERSONID, NAME, SEX) VALUES (10, 'Appleby, Noel', 'M');
INSERT INTO PERSON (PERSONID, NAME, SEX) VALUES (11, 'Astin, Sean', 'M');
INSERT INTO PERSON (PERSONID, NAME, SEX) VALUES (12, 'Baker, Sala', 'M');
INSERT INTO PERSON (PERSONID, NAME, SEX) VALUES (13, 'Astin, Ali', 'W');
INSERT INTO PERSON (PERSONID, NAME, SEX) VALUES (14, 'Aston, David', 'M');
INSERT INTO PERSON (PERSONID, NAME, SEX) VALUES (15, 'Oldman, Gary', 'M');
INSERT INTO PERSON (PERSONID, NAME, SEX) VALUES (16, 'Allpress, Bruce', 'M');
INSERT INTO PERSON (PERSONID, NAME, SEX) VALUES (17, 'Bach, John', 'M');
INSERT INTO PERSON (PERSONID, NAME, SEX) VALUES (18, 'Fonteno, Shawn', 'M');
INSERT INTO PERSON (PERSONID, NAME, SEX) VALUES (19, 'Luke, Ned', 'M');
INSERT INTO PERSON (PERSONID, NAME, SEX) VALUES (20, 'Ogg, Steven', 'M');
INSERT INTO PERSON (PERSONID, NAME, SEX) VALUES (21, 'Johnson, Gerald ''Slink''', 'M');
INSERT INTO PERSON (PERSONID, NAME, SEX) VALUES (22, 'Baker, Troy', 'M');
INSERT INTO PERSON (PERSONID, NAME, SEX) VALUES (23, 'Johnson, Ashley', 'W');
INSERT INTO PERSON (PERSONID, NAME, SEX) VALUES (24, 'Hayes, Hana', 'W');
INSERT INTO PERSON (PERSONID, NAME, SEX) VALUES (25, 'Pierce, Jeffrey', 'M');
INSERT INTO PERSON (PERSONID, NAME, SEX) VALUES (26, 'Ruffalo, Mark', 'M');
INSERT INTO PERSON (PERSONID, NAME, SEX) VALUES (27, 'Groff, Jonathan', 'M');
INSERT INTO PERSON (PERSONID, NAME, SEX) VALUES (28, 'De Julio, Frank', 'M');
INSERT INTO PERSON (PERSONID, NAME, SEX) VALUES (29, 'DeMeritt, William', 'M');
INSERT INTO PERSON (PERSONID, NAME, SEX) VALUES (30, 'Sutherland, Kiefer', 'M');
INSERT INTO PERSON (PERSONID, NAME, SEX) VALUES (31, 'Jones, Cherry', 'W');
INSERT INTO PERSON (PERSONID, NAME, SEX) VALUES (32, 'Gunton, Bob', 'M');
INSERT INTO PERSON (PERSONID, NAME, SEX) VALUES (33, 'Feore, Colm', 'M');
INSERT INTO PERSON (PERSONID, NAME, SEX) VALUES (34, 'Pacino, Al', 'M');
INSERT INTO PERSON (PERSONID, NAME, SEX) VALUES (35, 'Vaccaro, Brenda', 'W');
INSERT INTO PERSON (PERSONID, NAME, SEX) VALUES (36, 'Goodman, John', 'M');
INSERT INTO PERSON (PERSONID, NAME, SEX) VALUES (37, 'O''Connell, Deirdre', 'W');
INSERT INTO PERSON (PERSONID, NAME, SEX) VALUES (38, 'Jackson, Samuel L.', 'M');
INSERT INTO PERSON (PERSONID, NAME, SEX) VALUES (39, 'Jones, Tommy Lee', 'M');
INSERT INTO PERSON (PERSONID, NAME, SEX) VALUES (40, 'Maxwell, Jordan', 'M');
INSERT INTO PERSON (PERSONID, NAME, SEX) VALUES (41, 'Carlin, George', 'M');
INSERT INTO PERSON (PERSONID, NAME, SEX) VALUES (42, 'Hicks, Bill', 'M');
INSERT INTO PERSON (PERSONID, NAME, SEX) VALUES (43, 'Griffin, David Ray', 'M');
INSERT INTO PERSON (PERSONID, NAME, SEX) VALUES (44, 'Greenwood, Bruce', 'M');
INSERT INTO PERSON (PERSONID, NAME, SEX) VALUES (45, 'Ackles, Jensen', 'M');
INSERT INTO PERSON (PERSONID, NAME, SEX) VALUES (46, 'DiMaggio, John', 'M');
INSERT INTO PERSON (PERSONID, NAME, SEX) VALUES (47, 'Harris, Neil Patrick', 'M');

-- PersonPlays
INSERT INTO PERSONPLAYS (PERSON, MOVIECHAR) VALUES (1, 1);
INSERT INTO PERSONPLAYS (PERSON, MOVIECHAR) VALUES (2, 2);
INSERT INTO PERSONPLAYS (PERSON, MOVIECHAR) VALUES (3, 3);
INSERT INTO PERSONPLAYS (PERSON, MOVIECHAR) VALUES (4, 4);
INSERT INTO PERSONPLAYS (PERSON, MOVIECHAR) VALUES (5, 5);
INSERT INTO PERSONPLAYS (PERSON, MOVIECHAR) VALUES (6, 6);
INSERT INTO PERSONPLAYS (PERSON, MOVIECHAR) VALUES (7, 7);
INSERT INTO PERSONPLAYS (PERSON, MOVIECHAR) VALUES (8, 8);
INSERT INTO PERSONPLAYS (PERSON, MOVIECHAR) VALUES (9, 9);
INSERT INTO PERSONPLAYS (PERSON, MOVIECHAR) VALUES (10, 10);
INSERT INTO PERSONPLAYS (PERSON, MOVIECHAR) VALUES (11, 11);
INSERT INTO PERSONPLAYS (PERSON, MOVIECHAR) VALUES (12, 12);
INSERT INTO PERSONPLAYS (PERSON, MOVIECHAR) VALUES (10, 13);
INSERT INTO PERSONPLAYS (PERSON, MOVIECHAR) VALUES (13, 14);
INSERT INTO PERSONPLAYS (PERSON, MOVIECHAR) VALUES (11, 15);
INSERT INTO PERSONPLAYS (PERSON, MOVIECHAR) VALUES (14, 16);
INSERT INTO PERSONPLAYS (PERSON, MOVIECHAR) VALUES (1, 17);
INSERT INTO PERSONPLAYS (PERSON, MOVIECHAR) VALUES (15, 18);
INSERT INTO PERSONPLAYS (PERSON, MOVIECHAR) VALUES (8, 19);
INSERT INTO PERSONPLAYS (PERSON, MOVIECHAR) VALUES (6, 20);
INSERT INTO PERSONPLAYS (PERSON, MOVIECHAR) VALUES (16, 21);
INSERT INTO PERSONPLAYS (PERSON, MOVIECHAR) VALUES (11, 22);
INSERT INTO PERSONPLAYS (PERSON, MOVIECHAR) VALUES (17, 23);
INSERT INTO PERSONPLAYS (PERSON, MOVIECHAR) VALUES (12, 24);
INSERT INTO PERSONPLAYS (PERSON, MOVIECHAR) VALUES (18, 25);
INSERT INTO PERSONPLAYS (PERSON, MOVIECHAR) VALUES (19, 26);
INSERT INTO PERSONPLAYS (PERSON, MOVIECHAR) VALUES (20, 27);
INSERT INTO PERSONPLAYS (PERSON, MOVIECHAR) VALUES (21, 28);
INSERT INTO PERSONPLAYS (PERSON, MOVIECHAR) VALUES (22, 29);
INSERT INTO PERSONPLAYS (PERSON, MOVIECHAR) VALUES (23, 30);
INSERT INTO PERSONPLAYS (PERSON, MOVIECHAR) VALUES (24, 31);
INSERT INTO PERSONPLAYS (PERSON, MOVIECHAR) VALUES (25, 32);
INSERT INTO PERSONPLAYS (PERSON, MOVIECHAR) VALUES (26, 33);
INSERT INTO PERSONPLAYS (PERSON, MOVIECHAR) VALUES (27, 34);
INSERT INTO PERSONPLAYS (PERSON, MOVIECHAR) VALUES (28, 35);
INSERT INTO PERSONPLAYS (PERSON, MOVIECHAR) VALUES (29, 36);
INSERT INTO PERSONPLAYS (PERSON, MOVIECHAR) VALUES (30, 37);
INSERT INTO PERSONPLAYS (PERSON, MOVIECHAR) VALUES (31, 38);
INSERT INTO PERSONPLAYS (PERSON, MOVIECHAR) VALUES (32, 39);
INSERT INTO PERSONPLAYS (PERSON, MOVIECHAR) VALUES (33, 40);
INSERT INTO PERSONPLAYS (PERSON, MOVIECHAR) VALUES (34, 41);
INSERT INTO PERSONPLAYS (PERSON, MOVIECHAR) VALUES (35, 42);
INSERT INTO PERSONPLAYS (PERSON, MOVIECHAR) VALUES (36, 43);
INSERT INTO PERSONPLAYS (PERSON, MOVIECHAR) VALUES (37, 44);
INSERT INTO PERSONPLAYS (PERSON, MOVIECHAR) VALUES (38, 45);
INSERT INTO PERSONPLAYS (PERSON, MOVIECHAR) VALUES (39, 46);
INSERT INTO PERSONPLAYS (PERSON, MOVIECHAR) VALUES (40, 47);
INSERT INTO PERSONPLAYS (PERSON, MOVIECHAR) VALUES (41, 48);
INSERT INTO PERSONPLAYS (PERSON, MOVIECHAR) VALUES (42, 49);
INSERT INTO PERSONPLAYS (PERSON, MOVIECHAR) VALUES (43, 50);
INSERT INTO PERSONPLAYS (PERSON, MOVIECHAR) VALUES (44, 51);
INSERT INTO PERSONPLAYS (PERSON, MOVIECHAR) VALUES (45, 52);
INSERT INTO PERSONPLAYS (PERSON, MOVIECHAR) VALUES (46, 53);
INSERT INTO PERSONPLAYS (PERSON, MOVIECHAR) VALUES (47, 54);

-- </SEEDING DATABASE> ---------------------------------------------------------------------------------------------------------------------

COMMIT;
